{"loss": [0.30205971002578735, 0.30556413531303406, 0.28194668889045715, 0.29244232177734375, 0.27343419194221497, 0.2581174671649933, 0.2464206963777542, 0.2321920394897461, 0.22441913187503815, 0.24048246443271637], "categorical_accuracy": [0.8901338577270508, 0.8856227993965149, 0.8915890455245972, 0.8912979960441589, 0.8991559743881226, 0.9023573994636536, 0.9080325961112976, 0.9125436544418335, 0.9164726138114929, 0.9097788333892822], "val_loss": [0.4969872236251831, 0.5330336689949036, 0.545317530632019, 0.6420873999595642, 0.47966766357421875, 0.5094499588012695, 0.45387378334999084, 0.5179126262664795, 0.48423925042152405, 0.43122947216033936], "val_categorical_accuracy": [0.8303207159042358, 0.819242000579834, 0.8186588883399963, 0.8134110569953918, 0.8274052739143372, 0.8309037685394287, 0.8495627045631409, 0.8314868807792664, 0.8297376036643982, 0.8425655961036682]}