{"loss": [0.2264638990163803, 0.23476919531822205, 0.20884595811367035, 0.20658279955387115, 0.2059912234544754, 0.19482465088367462, 0.193194180727005, 0.19505034387111664, 0.22579102218151093, 0.19776548445224762, 0.18183371424674988, 0.17976339161396027, 0.18030458688735962, 0.19949163496494293, 0.186396062374115, 0.1734943985939026, 0.16631874442100525, 0.18707217276096344, 0.17945446074008942, 0.1714632213115692], "categorical_accuracy": [0.9150174856185913, 0.9121071100234985, 0.9208381772041321, 0.9189464449882507, 0.9247671961784363, 0.9231664538383484, 0.9270954728126526, 0.924476146697998, 0.9115250110626221, 0.925349235534668, 0.9298602938652039, 0.9327706694602966, 0.9336437582969666, 0.9214202761650085, 0.9294237494468689, 0.936699628829956, 0.9365541338920593, 0.9270954728126526, 0.9297147989273071, 0.9350989460945129], "val_loss": [0.5016508102416992, 0.569503903388977, 0.5340863466262817, 0.4224190413951874, 0.44300365447998047, 0.5585094094276428, 0.47475552558898926, 0.5093547701835632, 0.5184571743011475, 0.4436376690864563, 0.4638715386390686, 0.4752001464366913, 0.5907788872718811, 0.5366014242172241, 0.580244779586792, 0.45705360174179077, 0.5052143335342407, 0.5598244667053223, 0.4659843444824219, 0.554853618144989], "val_categorical_accuracy": [0.832069993019104, 0.8326530456542969, 0.8303207159042358, 0.8600583076477051, 0.8548104763031006, 0.8204081654548645, 0.8402332067489624, 0.8431487083435059, 0.8408163189888, 0.8478134274482727, 0.8507288694381714, 0.8489795923233032, 0.8413994312286377, 0.8425655961036682, 0.838483989238739, 0.8489795923233032, 0.844897985458374, 0.8396501541137695, 0.8425655961036682, 0.8326530456542969]}